Workbook

Sheet 总计
A1: 月份 | B1: 总收入 | C1: 休假天数
A2: 1月 | B2: =一月!E35 -> 4815.54 | C2: =一月!G35 -> 12
A3: 2月 | B3: =二月!E32 -> 5568.84 | C3: =二月!G32 -> 6
A4: 3月 | B4: =三月!E35 -> 6125.96 | C4: =三月!G35 -> 7
A5: 4月 | B5: =四月!E34 -> 3842.76 | C5: =四月!G34 -> 8
A6: 5月 | B6: =五月!E34 -> 0 | C6: =五月!G34 -> 0
A7: 6月 | B7: =六月!E33 -> 0 | C7: =六月!G33 -> 0
A8: 7月 | B8: =七月!E34 -> 0 | C8: =七月!G34 -> 0
A9: 8月 | B9: =八月!E34 -> 0 | C9: =八月!G34 -> 0
A10: 9月 | B10: =九月!E33 -> 0 | C10: =九月!G33 -> 0
A11: 10月 | B11: =十月!E34 -> 0 | C11: =十月!G34 -> 0
A12: 11月 | B12: =十一月!E33 -> 0 | C12: =十一月!G33 -> 0
A13: 12月 | B13: =十二月!E34 -> 0 | C13: =十二月!G34 -> 0
A14: 总计 | B14: =SUM(B2:B13) -> 20353.1 | C14: =SUM(C2:C13) -> 33

Sheet 一月
B1: 星期 | C1: 工作量 | D1: 单价 | E1: 收入 | F1: 支出说明 | G1: 休假天数 | H1: 备注
A2: 46043 | B2: 星期三 | C2: 14.2 | D2: 18.6 | E2: =C2*D2 -> 264.12
A3: 46044 | B3: 星期四 | C3: 13.7 | D3: 18.6 | E3: =C3*D3 -> 254.82
A4: 46045 | B4: 星期五 | C4: 13.7 | D4: 18.6 | E4: =C4*D4 -> 254.82
A5: 46046 | B5: 星期六 | C5: 14.7 | D5: 18.6 | E5: =C5*D5 -> 273.42
A6: 46047 | B6: 星期日 | C6: 13 | D6: 18.6 | E6: =C6*D6 -> 241.8
A7: 46048 | B7: 星期一 | C7: 12 | D7: 18.6 | E7: =C7*D7 -> 223.2
A8: 46049 | B8: 星期二 | C8: 12.5 | D8: 18.6 | E8: =C8*D8 -> 232.5
A9: 46050 | B9: 星期三 | C9: 0 | D9: 18.6 | E9: =C9*D9 -> 0 | G9: 1
A10: 46051 | B10: 星期四 | C10: 0 | D10: 18.6 | E10: =C10*D10 -> 0 | G10: 1
A11: 46052 | B11: 星期五 | C11: 13.2 | D11: 18.6 | E11: =C11*D11 -> 245.52
A12: 46053 | B12: 星期六 | C12: 14.2 | D12: 18.6 | E12: =C12*D12 -> 264.12
A13: 46054 | B13: 星期日 | C13: 14 | D13: 18.6 | E13: =C13*D13 -> 260.4
A14: 46055 | B14: 星期一 | C14: 13.5 | D14: 18.6 | E14: =C14*D14 -> 251.1
A15: 46056 | B15: 星期二 | C15: 13.5 | D15: 18.6 | E15: =C15*D15 -> 251.1
A16: 46057 | B16: 星期三 | C16: 0 | D16: 18.6 | E16: =C16*D16 -> 0 | G16: 1
A17: 46058 | B17: 星期四 | C17: 0 | D17: 18.6 | E17: =C17*D17 -> 0 | G17: 1
A18: 46059 | B18: 星期五 | C18: 0 | D18: 18.6 | E18: =C18*D18 -> 0 | G18: 1
A19: 46060 | B19: 星期六 | C19: 16 | D19: 18.6 | E19: =C19*D19 -> 297.6
A20: 46061 | B20: 星期日 | C20: 13.5 | D20: 18.6 | E20: =C20*D20 -> 251.1
A21: 46062 | B21: 星期一 | C21: 12.5 | D21: 18.6 | E21: =C21*D21 -> 232.5
A22: 46063 | B22: 星期二 | C22: 12.5 | D22: 18.6 | E22: =C22*D22 -> 232.5
A23: 46064 | B23: 星期三 | C23: 15 | D23: 18.6 | E23: =C23*D23 -> 279
A24: 46065 | B24: 星期四 | C24: 14.5 | D24: 18.6 | E24: =C24*D24 -> 269.7
A25: 46066 | B25: 星期五 | C25: 12.7 | D25: 18.6 | E25: =C25*D25 -> 236.22
A26: 46067 | B26: 星期六 | C26: 0 | D26: 18.6 | E26: =C26*D26 -> 0 | G26: 1
A27: 46068 | B27: 星期日 | C27: 0 | D27: 18.6 | E27: =C27*D27 -> 0 | G27: 1
A28: 46069 | B28: 星期一 | C28: 0 | D28: 18.6 | E28: =C28*D28 -> 0 | G28: 1
A29: 46070 | B29: 星期二 | C29: 0 | D29: 18.6 | E29: =C29*D29 -> 0 | G29: 1
A30: 46071 | B30: 星期三 | C30: 0 | D30: 18.6 | E30: =C30*D30 -> 0 | G30: 1
A31: 46072 | B31: 星期四 | C31: 0 | D31: 18.6 | E31: =C31*D31 -> 0 | G31: 1
A32: 46073 | B32: 星期五 | C32: 0 | D32: 18.6 | E32: =C32*D32 -> 0 | G32: 1
A35: 总计： | C35: =SUM(C2:C32) -> 258.9 | E35: =SUM(E2:E32) -> 4815.54 | G35: =SUM(G2:G32) -> 12

Sheet 二月
B1: 星期 | C1: 工作量 | D1: 单价 | E1: 收入 | F1: 支出说明 | G1: 休假天数 | H1: 备注
A2: 46074 | B2: 星期六 | C2: 18.2 | D2: 18.6 | E2: =C2*D2 -> 338.52
A3: 46075 | B3: 星期日 | C3: 14.2 | D3: 18.6 | E3: =C3*D3 -> 264.12
A4: 46076 | B4: 星期一 | C4: 12.7 | D4: 18.6 | E4: =C4*D4 -> 236.22
A5: 46077 | B5: 星期二 | C5: 14.2 | D5: 18.6 | E5: =C5*D5 -> 264.12
A6: 46078 | B6: 星期三 | C6: 13.5 | D6: 18.6 | E6: =C6*D6 -> 251.1
A7: 46079 | B7: 星期四 | C7: 11.7 | D7: 18.6 | E7: =C7*D7 -> 217.62
A8: 46080 | B8: 星期五 | C8: 11.5 | D8: 18.6 | E8: =C8*D8 -> 213.9
A9: 46081 | B9: 星期六 | C9: 0 | D9: 18.6 | E9: =C9*D9 -> 0 | G9: 1
A10: 46082 | B10: 星期日 | C10: 0 | D10: 18.6 | E10: =C10*D10 -> 0 | G10: 1
A11: 46083 | B11: 星期一 | C11: 13 | D11: 18.6 | E11: =C11*D11 -> 241.8
A12: 46084 | B12: 星期二 | C12: 14 | D12: 18.6 | E12: =C12*D12 -> 260.4
A13: 46085 | B13: 星期三 | C13: 14 | D13: 18.6 | E13: =C13*D13 -> 260.4
A14: 46086 | B14: 星期四 | C14: 14 | D14: 18.6 | E14: =C14*D14 -> 260.4
A15: 46087 | B15: 星期五 | C15: 15 | D15: 18.6 | E15: =C15*D15 -> 279
A16: 46088 | B16: 星期六 | C16: 0 | D16: 18.6 | E16: =C16*D16 -> 0 | G16: 1
A17: 46089 | B17: 星期日 | C17: 0 | D17: 18.6 | E17: =C17*D17 -> 0 | G17: 1
A18: 46090 | B18: 星期一 | C18: 0 | D18: 18.6 | E18: =C18*D18 -> 0 | G18: 1
A19: 46091 | B19: 星期二 | C19: 10.5 | D19: 18.6 | E19: =C19*D19 -> 195.3
A20: 46092 | B20: 星期三 | C20: 14.5 | D20: 18.6 | E20: =C20*D20 -> 269.7
A21: 46093 | B21: 星期四 | C21: 12.5 | D21: 18.6 | E21: =C21*D21 -> 232.5
A22: 46094 | B22: 星期五 | C22: 14.7 | D22: 18.6 | E22: =C22*D22 -> 273.42
A23: 46095 | B23: 星期六 | C23: 13.7 | D23: 18.6 | E23: =C23*D23 -> 254.82
A24: 46096 | B24: 星期日 | C24: 13.7 | D24: 18.6 | E24: =C24*D24 -> 254.82
A25: 46097 | B25: 星期一 | C25: 0 | D25: 18.6 | E25: =C25*D25 -> 0 | G25: 1
A26: 46098 | B26: 星期二 | C26: 11.7 | D26: 18.6 | E26: =C26*D26 -> 217.62
A27: 46099 | B27: 星期三 | C27: 12.7 | D27: 18.6 | E27: =C27*D27 -> 236.22
A28: 46100 | B28: 星期四 | C28: 12.7 | D28: 18.6 | E28: =C28*D28 -> 236.22
A29: 46101 | B29: 星期五 | C29: 16.7 | D29: 18.6 | E29: =C29*D29 -> 310.62
A32: 总计： | C32: =SUM(C2:C29) -> 299.4 | E32: =SUM(E2:E29) -> 5568.84 | G32: =SUM(G2:G29) -> 6

Sheet 三月
B1: 星期 | C1: 工作量 | D1: 单价 | E1: 收入 | F1: 支出说明 | G1: 休假天数 | H1: 备注
A2: 46102 | B2: 星期六 | C2: 17.7 | D2: 18.6 | E2: =C2*D2 -> 329.22
A3: 46103 | B3: 星期日 | C3: 0 | D3: 18.6 | E3: =C3*D3 -> 0 | G3: 1
A4: 46104 | B4: 星期一 | C4: 0 | D4: 18.6 | E4: =C4*D4 -> 0 | G4: 1
A5: 46105 | B5: 星期二 | C5: 12.9 | D5: 18.6 | E5: =C5*D5 -> 239.94
A6: 46106 | B6: 星期三 | C6: 0 | D6: 18.6 | E6: =C6*D6 -> 0 | G6: 1
A7: 46107 | B7: 星期四 | C7: 0 | D7: 18.6 | E7: =C7*D7 -> 0 | G7: 1
A8: 46108 | B8: 星期五 | C8: 13.7 | D8: 18.6 | E8: =C8*D8 -> 254.82
A9: 46109 | B9: 星期六 | C9: 12.7 | D9: 18.6 | E9: =C9*D9 -> 236.22
A10: 46110 | B10: 星期日 | C10: 13.5 | D10: 18.6 | E10: =C10*D10 -> 251.1
A11: 46111 | B11: 星期一 | C11: 12.7 | D11: 18.6 | E11: =C11*D11 -> 236.22
A12: 46112 | B12: 星期二 | C12: 0 | D12: 18.6 | E12: =C12*D12 -> 0 | G12: 1
A13: 46113 | B13: 星期三 | C13: 12.7 | D13: 18.6 | E13: =C13*D13 -> 236.22
A14: 46114 | B14: 星期四 | C14: 12.7 | D14: 18.6 | E14: =C14*D14 -> 236.22
A15: 46115 | B15: 星期五 | C15: 13.5 | D15: 18.6 | E15: =C15*D15 -> 251.1
A16: 46116 | B16: 星期六 | C16: 13.9 | D16: 18.6 | E16: =C16*D16 -> 258.54
A17: 46117 | B17: 星期日 | C17: 16.2 | D17: 18.6 | E17: =C17*D17 -> 301.32
A18: 46118 | B18: 星期一 | C18: 14.7 | D18: 18.6 | E18: =C18*D18 -> 273.42
A19: 46119 | B19: 星期二 | C19: 9.5 | D19: 18.6 | E19: =C19*D19 -> 176.7
A20: 46120 | B20: 星期三 | C20: 13.7 | D20: 18.6 | E20: =C20*D20 -> 254.82
A21: 46121 | B21: 星期四 | C21: 12.7 | D21: 18.6 | E21: =C21*D21 -> 236.22
A22: 46122 | B22: 星期五 | C22: 14.7 | D22: 18.6 | E22: =C22*D22 -> 273.42
A23: 46123 | B23: 星期六 | C23: 14.7 | D23: 18.6 | E23: =C23*D23 -> 273.42
A24: 46124 | B24: 星期日 | C24: 13.5 | D24: 18.6 | E24: =C24*D24 -> 251.1
... A27: 46127 | B27: 星期三 | C27: 12.5 | D27: 18.6 | E27: =C27*D27 -> 232.5
A28: 46128 | B28: 星期四 | C28: 0 | D28: 18.6 | E28: =C28*D28 -> 0 | G28: 1
A29: 46129 | B29: 星期五 | C29: 0 | D29: 18.6 | E29: =C29*D29 -> 0 | G29: 1
A30: 46130 | B30: 星期六 | C30: 13.5 | D30: 18.6 | E30: =C30*D30 -> 251.1
A31: 46131 | B31: 星期日 | C31: 12.7 | D31: 18.6 | E31: =C31*D31 -> 236.22
A32: 46132 | B32: 星期一 | C32: 12.2 | D32: 18.6 | E32: =C32*D32 -> 226.92 | F32: =40+100+50+100 -> 290 | H32: 小费
E33: =100+100 -> 200 | F33: 清明
A35: 总计： | C35: =SUM(C2:C32) -> 318.6 | E35: =SUM(E2:E33) -> 6125.96 | G35: =SUM(G2:G32) -> 7

Sheet 四月
B1: 星期 | C1: 工作量 | D1: 单价 | E1: 收入 | F1: 支出说明 | G1: 休假天数 | H1: 备注
A2: 46133 | B2: 星期二 | C2: 12.7 | D2: 18.6 | E2: =C2*D2 -> 236.22
A3: 46134 | B3: 星期三 | C3: 13.7 | D3: 18.6 | E3: =C3*D3 -> 254.82
A4: 46135 | B4: 星期四 | C4: 14.7 | D4: 18.6 | E4: =C4*D4 -> 273.42
A5: 46136 | B5: 星期五 | C5: 15.7 | D5: 18.6 | E5: =C5*D5 -> 292.02
A6: 46137 | B6: 星期六 | C6: 16.7 | D6: 18.6 | E6: =C6*D6 -> 310.62
A7: 46138 | B7: 星期日 | C7: 0 | D7: 18.6 | E7: =C7*D7 -> 0 | G7: 1
A8: 46139 | B8: 星期一 | C8: 11.5 | D8: 18.6 | E8: =C8*D8 -> 213.9
A9: 46140 | B9: 星期二 | C9: 13.5 | D9: 18.6 | E9: =C9*D9 -> 251.1
A10: 46141 | B10: 星期三 | C10: 0 | D10: 18.6 | E10: =C10*D10 -> 0 | G10: 1
A11: 46142 | B11: 星期四 | C11: 0 | D11: 18.6 | E11: =C11*D11 -> 0 | G11: 1
A12: 46143 | B12: 星期五 | C12: 0 | D12: 18.6 | E12: =C12*D12 -> 0 | G12: 1
A13: 46144 | B13: 星期六 | C13: 0 | D13: 18.6 | E13: =C13*D13 -> 0 | G13: 1
A14: 46145 | B14: 星期日 | C14: 0 | D14: 18.6 | E14: =C14*D14 -> 0 | G14: 1
A15: 46146 | B15: 星期一 | C15: 0 | D15: 18.6 | E15: =C15*D15 -> 0 | G15: 1
A16: 46147 | B16: 星期二 | C16: 12.7 | D16: 18.6 | E16: =C16*D16 -> 236.22
A17: 46148 | B17: 星期三 | C17: 11.7 | D17: 18.6 | E17: =C17*D17 -> 217.62
A18: 46149 | B18: 星期四 | C18: 12.7 | D18: 18.6 | E18: =C18*D18 -> 236.22
A19: 46150 | B19: 星期五 | C19: 11.7 | D19: 18.6 | E19: =C19*D19 -> 217.62
A20: 46151 | B20: 星期六 | C20: 13.7 | D20: 18.6 | E20: =C20*D20 -> 254.82
A21: 46152 | B21: 星期日 | C21: 15.2 | D21: 18.6 | E21: =C21*D21 -> 282.72
A22: 46153 | B22: 星期一 | C22: 0 | D22: 18.6 | E22: =C22*D22 -> 0 | G22: 1
A23: 46154 | B23: 星期二 | C23: 15.7 | D23: 18.6 | E23: =C23*D23 -> 292.02
A24: 46155 | B24: 星期三 | C24: 14.7 | D24: 18.6 | E24: =C24*D24 -> 273.42
A25: 46156 | B25: 星期四 | D25: 18.6 | E25: =C25*D25 -> 0
A26: 46157 | B26: 星期五 | D26: 18.6 | E26: =C26*D26 -> 0
A27: 46158 | B27: 星期六 | D27: 18.6 | E27: =C27*D27 -> 0
A28: 46159 | B28: 星期日 | D28: 18.6 | E28: =C28*D28 -> 0
A29: 46160 | B29: 星期一 | D29: 18.6 | E29: =C29*D29 -> 0
A30: 46161 | B30: 星期二 | D30: 18.6 | E30: =C30*D30 -> 0
A31: 46162 | B31: 星期三 | D31: 18.6 | E31: =C31*D31 -> 0
A34: 总计： | C34: =SUM(C2:C31) -> 206.6 | E34: =SUM(E2:E31) -> 3842.76 | G34: =SUM(G2:G31) -> 8

Sheet 五月
B1: 星期 | C1: 工作量 | D1: 单价 | E1: 收入 | F1: 支出说明 | G1: 休假天数 | H1: 备注
A2: 46163 | B2: 星期四 | D2: 18.6 | E2: =C2*D2 -> 0
A3: 46164 | B3: 星期五 | D3: 18.6 | E3: =C3*D3 -> 0
A4: 46165 | B4: 星期六 | D4: 18.6 | E4: =C4*D4 -> 0
A5: 46166 | B5: 星期日 | D5: 18.6 | E5: =C5*D5 -> 0
A6: 46167 | B6: 星期一 | D6: 18.6 | E6: =C6*D6 -> 0
A7: 46168 | B7: 星期二 | D7: 18.6 | E7: =C7*D7 -> 0
A8: 46169 | B8: 星期三 | D8: 18.6 | E8: =C8*D8 -> 0
A9: 46170 | B9: 星期四 | D9: 18.6 | E9: =C9*D9 -> 0
A10: 46171 | B10: 星期五 | D10: 18.6 | E10: =C10*D10 -> 0
A11: 46172 | B11: 星期六 | D11: 18.6 | E11: =C11*D11 -> 0
A12: 46173 | B12: 星期日 | D12: 18.6 | E12: =C12*D12 -> 0
A13: 46174 | B13: 星期一 | D13: 18.6 | E13: =C13*D13 -> 0
... A32: 46193 | B32: 星期六 | D32: 18.6 | E32: =C32*D32 -> 0
A34: 总计： | C34: =SUM(C2:C31) -> 0 | E34: =SUM(E2:E31) -> 0 | G34: =SUM(G2:G31) -> 0

Sheet 六月
B1: 星期 | C1: 工作量 | D1: 单价 | E1: 收入 | F1: 支出说明 | G1: 休假天数 | H1: 备注
A2: 46194 | B2: 星期日 | D2: 18.6 | E2: =C2*D2 -> 0
A3: 46195 | B3: 星期一 | D3: 18.6 | E3: =C3*D3 -> 0
A4: 46196 | B4: 星期二 | D4: 18.6 | E4: =C4*D4 -> 0
A5: 46197 | B5: 星期三 | D5: 18.6 | E5: =C5*D5 -> 0
A6: 46198 | B6: 星期四 | D6: 18.6 | E6: =C6*D6 -> 0
A7: 46199 | B7: 星期五 | D7: 18.6 | E7: =C7*D7 -> 0
A8: 46200 | B8: 星期六 | D8: 18.6 | E8: =C8*D8 -> 0
A9: 46201 | B9: 星期日 | D9: 18.6 | E9: =C9*D9 -> 0
A10: 46202 | B10: 星期一 | D10: 18.6 | E10: =C10*D10 -> 0
A11: 46203 | B11: 星期二 | D11: 18.6 | E11: =C11*D11 -> 0
A12: 46204 | B12: 星期三 | D12: 18.6 | E12: =C12*D12 -> 0
A13: 46205 | B13: 星期四 | D13: 18.6 | E13: =C13*D13 -> 0
... A31: 46223 | B31: 星期一 | D31: 18.6 | E31: =C31*D31 -> 0
A33: 总计： | C33: =SUM(C2:C31) -> 0 | E33: =SUM(E2:E31) -> 0 | G33: =SUM(G2:G31) -> 0

Sheet 七月
B1: 星期 | C1: 工作量 | D1: 单价 | E1: 收入 | F1: 支出说明 | G1: 休假天数 | H1: 备注
A2: 46224 | B2: 星期二 | D2: 18.6 | E2: =C2*D2 -> 0
A3: 46225 | B3: 星期三 | D3: 18.6 | E3: =C3*D3 -> 0
A4: 46226 | B4: 星期四 | D4: 18.6 | E4: =C4*D4 -> 0
A5: 46227 | B5: 星期五 | D5: 18.6 | E5: =C5*D5 -> 0
A6: 46228 | B6: 星期六 | D6: 18.6 | E6: =C6*D6 -> 0
A7: 46229 | B7: 星期日 | D7: 18.6 | E7: =C7*D7 -> 0
A8: 46230 | B8: 星期一 | D8: 18.6 | E8: =C8*D8 -> 0
A9: 46231 | B9: 星期二 | D9: 18.6 | E9: =C9*D9 -> 0
A10: 46232 | B10: 星期三 | D10: 18.6 | E10: =C10*D10 -> 0
A11: 46233 | B11: 星期四 | D11: 18.6 | E11: =C11*D11 -> 0
A12: 46234 | B12: 星期五 | D12: 18.6 | E12: =C12*D12 -> 0
A13: 46235 | B13: 星期六 | D13: 18.6 | E13: =C13*D13 -> 0
... A32: 46254 | B32: 星期四 | D32: 18.6 | E32: =C32*D32 -> 0
A34: 总计： | C34: =SUM(C2:C31) -> 0 | E34: =SUM(E2:E31) -> 0 | G34: =SUM(G2:G31) -> 0

Sheet 八月
B1: 星期 | C1: 工作量 | D1: 单价 | E1: 收入 | F1: 支出说明 | G1: 休假天数 | H1: 备注
A2: 46255 | B2: 星期五 | D2: 18.6 | E2: =C2*D2 -> 0
A3: 46256 | B3: 星期六 | D3: 18.6 | E3: =C3*D3 -> 0
A4: 46257 | B4: 星期日 | D4: 18.6 | E4: =C4*D4 -> 0
A5: 46258 | B5: 星期一 | D5: 18.6 | E5: =C5*D5 -> 0
A6: 46259 | B6: 星期二 | D6: 18.6 | E6: =C6*D6 -> 0
A7: 46260 | B7: 星期三 | D7: 18.6 | E7: =C7*D7 -> 0
A8: 46261 | B8: 星期四 | D8: 18.6 | E8: =C8*D8 -> 0
A9: 46262 | B9: 星期五 | D9: 18.6 | E9: =C9*D9 -> 0
A10: 46263 | B10: 星期六 | D10: 18.6 | E10: =C10*D10 -> 0
A11: 46264 | B11: 星期日 | D11: 18.6 | E11: =C11*D11 -> 0
A12: 46265 | B12: 星期一 | D12: 18.6 | E12: =C12*D12 -> 0
A13: 46266 | B13: 星期二 | D13: 18.6 | E13: =C13*D13 -> 0
... A32: 46285 | B32: 星期日 | D32: 18.6 | E32: =C32*D32 -> 0
A34: 总计： | C34: =SUM(C2:C31) -> 0 | E34: =SUM(E2:E31) -> 0 | G34: =SUM(G2:G31) -> 0

Sheet 九月
B1: 星期 | C1: 工作量 | D1: 单价 | E1: 收入 | F1: 支出说明 | G1: 休假天数 | H1: 备注
A2: 46286 | B2: 星期一 | D2: 18.6 | E2: =C2*D2 -> 0
A3: 46287 | B3: 星期二 | D3: 18.6 | E3: =C3*D3 -> 0
A4: 46288 | B4: 星期三 | D4: 18.6 | E4: =C4*D4 -> 0
A5: 46289 | B5: 星期四 | D5: 18.6 | E5: =C5*D5 -> 0
A6: 46290 | B6: 星期五 | D6: 18.6 | E6: =C6*D6 -> 0
A7: 46291 | B7: 星期六 | D7: 18.6 | E7: =C7*D7 -> 0
A8: 46292 | B8: 星期日 | D8: 18.6 | E8: =C8*D8 -> 0
A9: 46293 | B9: 星期一 | D9: 18.6 | E9: =C9*D9 -> 0
A10: 46294 | B10: 星期二 | D10: 18.6 | E10: =C10*D10 -> 0
A11: 46295 | B11: 星期三 | D11: 18.6 | E11: =C11*D11 -> 0
A12: 46296 | B12: 星期四 | D12: 18.6 | E12: =C12*D12 -> 0
A13: 46297 | B13: 星期五 | D13: 18.6 | E13: =C13*D13 -> 0
... A31: 46315 | B31: 星期二 | D31: 18.6 | E31: =C31*D31 -> 0
A33: 总计： | C33: =SUM(C2:C31) -> 0 | E33: =SUM(E2:E31) -> 0 | G33: =SUM(G2:G31) -> 0

Sheet 十月
B1: 星期 | C1: 工作量 | D1: 单价 | E1: 收入 | F1: 支出说明 | G1: 休假天数 | H1: 备注
A2: 46316 | B2: 星期三 | D2: 18.6 | E2: =C2*D2 -> 0
A3: 46317 | B3: 星期四 | D3: 18.6 | E3: =C3*D3 -> 0
A4: 46318 | B4: 星期五 | D4: 18.6 | E4: =C4*D4 -> 0
A5: 46319 | B5: 星期六 | D5: 18.6 | E5: =C5*D5 -> 0
A6: 46320 | B6: 星期日 | D6: 18.6 | E6: =C6*D6 -> 0
A7: 46321 | B7: 星期一 | D7: 18.6 | E7: =C7*D7 -> 0
A8: 46322 | B8: 星期二 | D8: 18.6 | E8: =C8*D8 -> 0
A9: 46323 | B9: 星期三 | D9: 18.6 | E9: =C9*D9 -> 0
A10: 46324 | B10: 星期四 | D10: 18.6 | E10: =C10*D10 -> 0
A11: 46325 | B11: 星期五 | D11: 18.6 | E11: =C11*D11 -> 0
A12: 46326 | B12: 星期六 | D12: 18.6 | E12: =C12*D12 -> 0
A13: 46327 | B13: 星期日 | D13: 18.6 | E13: =C13*D13 -> 0
... A32: 46346 | B32: 星期五 | D32: 18.6 | E32: =C32*D32 -> 0
A34: 总计： | C34: =SUM(C2:C31) -> 0 | E34: =SUM(E2:E31) -> 0 | G34: =SUM(G2:G31) -> 0

Sheet 十一月
B1: 星期 | C1: 工作量 | D1: 单价 | E1: 收入 | F1: 支出说明 | G1: 休假天数 | H1: 备注
A2: 46347 | B2: 星期六 | D2: 18.6 | E2: =C2*D2 -> 0
A3: 46348 | B3: 星期日 | D3: 18.6 | E3: =C3*D3 -> 0
A4: 46349 | B4: 星期一 | D4: 18.6 | E4: =C4*D4 -> 0
A5: 46350 | B5: 星期二 | D5: 18.6 | E5: =C5*D5 -> 0
A6: 46351 | B6: 星期三 | D6: 18.6 | E6: =C6*D6 -> 0
A7: 46352 | B7: 星期四 | D7: 18.6 | E7: =C7*D7 -> 0
A8: 46353 | B8: 星期五 | D8: 18.6 | E8: =C8*D8 -> 0
A9: 46354 | B9: 星期六 | D9: 18.6 | E9: =C9*D9 -> 0
A10: 46355 | B10: 星期日 | D10: 18.6 | E10: =C10*D10 -> 0
A11: 46356 | B11: 星期一 | D11: 18.6 | E11: =C11*D11 -> 0
A12: 46357 | B12: 星期二 | D12: 18.6 | E12: =C12*D12 -> 0
A13: 46358 | B13: 星期三 | D13: 18.6 | E13: =C13*D13 -> 0
... A31: 46376 | B31: 星期日 | D31: 18.6 | E31: =C31*D31 -> 0
A33: 总计： | C33: =SUM(C2:C31) -> 0 | E33: =SUM(E2:E31) -> 0 | G33: =SUM(G2:G31) -> 0

Sheet 十二月
B1: 星期 | C1: 工作量 | D1: 单价 | E1: 收入 | F1: 支出说明 | G1: 休假天数 | H1: 备注
A2: 46377 | B2: 星期一 | D2: 18.6 | E2: =C2*D2 -> 0
A3: 46378 | B3: 星期二 | D3: 18.6 | E3: =C3*D3 -> 0
A4: 46379 | B4: 星期三 | D4: 18.6 | E4: =C4*D4 -> 0
A5: 46380 | B5: 星期四 | D5: 18.6 | E5: =C5*D5 -> 0
A6: 46381 | B6: 星期五 | D6: 18.6 | E6: =C6*D6 -> 0
A7: 46382 | B7: 星期六 | D7: 18.6 | E7: =C7*D7 -> 0
A8: 46383 | B8: 星期日 | D8: 18.6 | E8: =C8*D8 -> 0
A9: 46384 | B9: 星期一 | D9: 18.6 | E9: =C9*D9 -> 0
A10: 46385 | B10: 星期二 | D10: 18.6 | E10: =C10*D10 -> 0
A11: 46386 | B11: 星期三 | D11: 18.6 | E11: =C11*D11 -> 0
A12: 46387 | B12: 星期四 | D12: 18.6 | E12: =C12*D12 -> 0
A13: 46388 | B13: 星期五 | D13: 18.6 | E13: =C13*D13 -> 0
... A32: 46407 | B32: 星期三 | D32: 18.6 | E32: =C32*D32 -> 0
A34: 总计： | C34: =SUM(C2:C31) -> 0 | E34: =SUM(E2:E31) -> 0 | G34: =SUM(G2:G31) -> 0
